id,code,name,type,parent_id
1,1000,الأصول,ASSET,
2,2000,الخصوم,LIABILITY,
3,3000,حقوق الملكية,EQUITY,
4,4000,الإيرادات,REVENUE,
5,5000,المصروفات,EXPENSE,
6,1101,النقدية,ASSET,1.0
7,1102,البنك,ASSET,1.0
8,1201,حسابات العملاء (المدينون),ASSET,1.0
9,1301,المخزون,ASSET,1.0
10,2101,حسابات الموردين (الدائنون),LIABILITY,2.0
11,3101,أرصدة افتتاحية,EQUITY,3.0
12,3201,رأس المال,EQUITY,3.0
13,4101,إيرادات المبيعات,REVENUE,4.0
14,5101,تكلفة البضاعة المباعة (COGS),EXPENSE,5.0
15,5201,مصروف الإيجار,EXPENSE,5.0
16,5202,مصروف الرواتب,EXPENSE,5.0
17,1100,الأصول المتداولة,ASSET,1.0
18,11CB001,الخزينة الرئيسية,ASSET,17.0
19,11BANK01,بنك الأهلي,ASSET,17.0
20,11WALLET01,فودافون كاش,ASSET,17.0
21,12010021,فردى,ASSET,8.0
