id,item_id,date,type,quantity,reference_id
1,64,2026-10-03 21:22:13.547271,in,79.5,
2,66,2026-10-03 21:22:13.549270,in,49.0,
3,67,2026-10-03 21:22:13.550270,in,60.0,
4,68,2026-10-03 21:22:13.550270,in,98.0,
5,69,2026-10-03 21:22:13.551270,in,46.0,
6,70,2026-10-03 21:22:13.552270,in,79.0,
7,71,2026-10-03 21:22:13.552270,in,48.0,
8,72,2026-10-03 21:22:13.553271,in,102.0,
9,73,2026-10-03 21:22:13.554270,in,16.0,
10,75,2026-10-03 21:22:13.554270,in,22.0,
11,76,2026-10-03 21:22:13.555773,in,1500.0,
12,79,2026-10-03 21:22:13.565247,in,495.0,
13,83,2026-10-03 21:22:13.567271,in,97.0,
14,84,2026-10-03 21:22:13.568270,in,77.0,
15,85,2026-10-03 21:22:13.569270,in,32.0,
16,86,2026-10-03 21:22:13.569270,in,1.0,
17,87,2026-10-03 21:22:13.570270,in,3.0,
18,88,2026-10-03 21:22:13.570270,in,3.0,
19,89,2026-10-03 21:22:13.571270,in,4.0,
20,91,2026-10-03 21:22:13.572270,in,5.0,
21,93,2026-10-03 21:22:13.573659,in,2.0,
22,94,2026-10-03 21:22:13.574274,in,1.0,
23,95,2026-10-03 21:22:13.574274,in,1.0,
24,96,2026-10-03 21:22:13.575271,in,3.0,
25,103,2026-10-03 21:22:13.579270,in,10.0,
26,104,2026-10-03 21:22:13.579270,in,1.0,
27,106,2026-10-03 21:22:13.580631,in,2.0,
28,107,2026-10-03 21:22:13.581271,in,2.0,
29,109,2026-10-03 21:22:13.582270,in,2.0,
30,110,2026-10-03 21:22:13.582270,in,2.0,
31,111,2026-10-03 21:22:13.583646,in,2.0,
32,112,2026-10-03 21:22:13.584272,in,3.0,
33,49,2026-10-03 22:45:20.665346,out,1.0,1.0
34,9,2026-10-03 22:58:50.864359,out,80.0,2.0
35,29,2026-10-03 22:58:50.864359,out,5.0,2.0
