id,kit_item_id,component_item_id,quantity
1,4,76,1.0
2,5,76,1.0
3,6,76,1.0
22,28,76,4.0
23,28,114,1.0
24,29,76,2.0
25,30,76,3.0
26,31,76,1.0
27,31,114,1.0
28,32,76,2.0
29,32,114,1.0
30,33,76,3.0
31,33,114,1.0
32,34,76,1.0
33,35,76,2.0
34,35,114,1.0
35,36,76,1.0
36,36,114,1.0
37,37,76,1.0
38,37,114,1.0
39,38,72,1.0
40,38,77,1.0
41,38,78,1.0
42,39,71,1.0
43,39,77,1.0
44,39,78,1.0
45,40,69,1.0
46,40,77,1.0
47,40,78,1.0
48,41,85,1.0
49,41,77,1.0
50,41,78,1.0
51,42,76,1.0
52,42,114,1.0
53,43,76,2.0
54,43,114,1.0
55,44,76,4.0
56,44,114,1.0
57,45,76,4.0
58,45,114,1.0
59,46,76,3.0
60,46,114,1.0
61,47,76,2.0
62,47,114,1.0
63,48,76,3.0
64,48,114,1.0
65,49,76,4.0
66,49,114,1.0
67,50,76,4.0
68,50,114,1.0
69,56,76,1.0
70,56,114,1.0
71,57,76,1.0
72,57,114,1.0
73,58,76,3.0
74,58,114,1.0
75,59,76,2.0
76,59,114,1.0
77,61,76,2.0
78,61,114,1.0
79,62,76,1.0
80,7,76,0.5
81,8,76,2.0
82,9,76,1.0
83,10,76,1.0
84,11,76,0.5
85,12,76,0.5
86,13,76,1.0
87,14,76,1.0
88,15,79,1.0
89,16,79,1.0
90,17,79,1.0
91,18,79,1.0
92,19,27,1.0
93,20,21,1.0
94,22,23,1.0
95,24,2,0.25
96,25,2,0.5
97,26,2,1.0
98,63,64,0.2
