id,invoice_id,item_id,quantity,price,total,cost_price
1,1,49,1.0,200.0,200.0,1.88
2,2,9,80.0,2.0,160.0,0.27
3,2,29,5.0,20.0,100.0,0.54
75,11,28,2.0,114.6,229.2,1.88
76,11,9,25.0,5.0,125.0,0.27
77,11,49,1.0,200.0,200.0,1.88
78,11,29,6.0,15.0,90.0,0.54
79,11,4,2.0,20.0,40.0,0.27
80,11,4,2.0,15.0,30.0,0.27
81,11,4,2.0,15.0,30.0,0.27
82,11,13,1.0,10.0,10.0,0.27
83,11,5,20.0,1.0,20.0,0.27
84,11,8,1.0,300.0,300.0,0.54
85,11,56,2.0,100.0,200.0,1.07
116,17,9,30.0,5.0,150.0,0.27
117,17,35,2.0,50.0,100.0,1.34
118,17,13,5.0,10.0,50.0,0.27
119,17,5,57.0,1.0,57.0,0.27
120,17,9,24.0,2.0,48.0,0.27
121,17,4,1.0,25.0,25.0,0.27
122,17,13,4.0,3.75,15.0,0.27
123,17,13,3.0,5.0,15.0,0.27
124,17,4,2.0,15.0,30.0,0.27
