id,name,barcode,cost_price,sell_price,is_kit,min_stock,category_id,avg_cost_price,total_purchased_qty,inventory_account_id,cogs_account_id,revenue_account_id
1,فرق,0,0.0,0.0,False,0.0,2.0,0.0,0.0,,,
2,كوشيه صور,10,2.81,3.5125,False,0.0,2.0,2.81,0.0,,,
3,كتابة,1000,0.0,0.0,False,0.0,2.0,0.0,0.0,,,
20,طباعة كوشيه تقيل,1003-1,0.0,15.0,True,0.0,2.0,0.0,0.0,,,
21,كوشيه ثقيل,1003-1-P,0.0,10.0,False,0.0,2.0,0.0,0.0,,,
23,ورق استيكر,1003-2-P,1.53,3.0,False,0.0,2.0,1.53,0.0,,,
27,كوشيه عادي,1003-P,1.5,3.0,False,0.0,2.0,1.5,0.0,,,
51,Scan,1005-9,0.0,3.0,False,0.0,2.0,0.0,0.0,,,
52,Facebook Ads,1006,0.0,0.0,False,0.0,2.0,0.0,0.0,,,
53,تصميم,1006-1,0.0,0.0,False,0.0,2.0,0.0,0.0,,,
54,تصميم فيديو,1006-2,0.0,0.0,False,0.0,2.0,0.0,0.0,,,
55,طباعة بانر,1006-3,0.0,0.0,False,0.0,2.0,0.0,0.0,,,
63,كارت ID,1010,0.0,10.0,True,0.0,2.0,0.0,0.0,,,
64,PVC,1010-1,0.0,9.0,False,0.0,2.0,0.0,79.5,,,
65,فورى,1100,0.0,0.0,False,0.0,2.0,0.0,0.0,,,
66,تغليف 1/2 125 A4 ميكروم,13053,0.6,0.0,False,0.0,4.0,0.6,49.0,,,
67,تغليف 90/60,13053,0.14,0.0,False,0.0,4.0,0.14,60.0,,,
68,تغليف ميكروم A4,13056,1.39,0.0,False,0.0,4.0,1.39,98.0,,,
69,كعب لولبى 18 × 50ق,13068,2.63,0.0,False,0.0,3.0,2.63,46.0,,,
70,تغليف gloss 80*110 microm,13071,0.18,0.0,False,0.0,3.0,0.18,79.0,,,
71,كعب لولبي 14 (100 ق),18010,1.55,0.0,False,0.0,3.0,1.55,48.0,,,
72,كعب لولبي 10,18015,1.3,0.0,False,0.0,3.0,1.3,102.0,,,
73,كعب لولبى 12 (100ق),18016,1.5,0.0,False,0.0,3.0,1.5,16.0,,,
74,كعب لولبي 16 (100ق),18018,2.17,0.0,False,0.0,3.0,2.17,0.0,,,
75,كعب لولبي 22,18022,2.55,0.0,False,0.0,3.0,2.55,22.0,,,
76,ازهار 70,19008,0.27,0.0,False,0.0,3.0,0.27,1500.0,,,
77,بلاستيك مضلع 4 لون قطعة جديد,19021,1.62,0.0,False,0.0,3.0,1.62,0.0,,,
78,بلاستيك مضلع شفاف,19022,1.62,0.0,False,0.0,3.0,1.62,0.0,,,
79,ورق ازهار 80 A3,19107,0.54,0.0,False,0.0,3.0,0.54,495.0,,,
80,خدمات مختلفه,2,0.0,0.0,False,0.0,3.0,0.0,0.0,,,
81,تسويق اونلاين,2001,0.0,0.0,False,0.0,2.0,0.0,0.0,,,
82,Online Items,2022ON,0.0,0.0,False,0.0,1.0,0.0,0.0,,,
83,كعب لولبى 16 × 100ق,24230,0.9,0.0,False,0.0,3.0,0.9,97.0,,,
84,كعب لولبى 14 × 100ق,24233,0.65,0.0,False,0.0,3.0,0.65,77.0,,,
85,كعب لولبى 35 - 50 قطعة,35001,3.9,0.0,False,0.0,3.0,3.9,32.0,,,
86,Reader4 in 1 - AliExpress,5015A,183.81,0.0,False,0.0,1.0,183.81,1.0,,,
87,USB Hub 3 - AliExpress,5016A,97.3,0.0,False,0.0,1.0,97.3,3.0,,,
88,USB Hub3 - 3 Ports Square - AliExpress,5031A,145.24,0.0,False,0.0,1.0,145.24,3.0,,,
89,USB to USB C - AliExpress,5036A,28.05,0.0,False,0.0,1.0,28.05,4.0,,,
90,USB C to USB - AliExpress,5037A,0.0,0.0,False,0.0,1.0,0.0,0.0,,,
91,Essager Cable(100W) 1M - Type C - AliExpress,5041A,238.51,0.0,False,0.0,1.0,238.51,5.0,,,
92,Essager Type C Cable - Side Cable - AliExpress,5044A,0.0,0.0,False,0.0,1.0,0.0,0.0,,,
93,HUB 8 in 1 - AliExpress,5056A,595.94,0.0,False,0.0,1.0,595.94,2.0,,,
94,Type C 5 in 1 Hub - AliExpress,5064A,239.3,0.0,False,0.0,1.0,239.3,1.0,,,
95,Charger 160W - AliBaba,5078A,1129.85,0.0,False,0.0,1.0,1129.85,1.0,,,
96,Charger 100W - AliBaba,5079A,1040.57,0.0,False,0.0,1.0,1040.57,3.0,,,
97,حبر اسود,5190-103B,0.0,0.0,False,0.0,3.0,0.0,0.0,,,
98,حبر ازرق,5190-103C,0.0,0.0,False,0.0,3.0,0.0,0.0,,,
99,حبر احمر,5190-103M,0.0,0.0,False,0.0,3.0,0.0,0.0,,,
100,حبر اصفر,5190-103Y,0.0,0.0,False,0.0,3.0,0.0,0.0,,,
101,Personal Use,5999A,0.0,0.0,False,0.0,1.0,0.0,0.0,,,
102,Visual Beats Portable screen 15.6 Inches,AMZ01,0.0,0.0,False,0.0,1.0,0.0,0.0,,,
103,Iphone Flash Drive 128G,AMZ02,1460.0,2200.0,False,0.0,1.0,1460.0,10.0,,,
104,iPhone Flash Drive 256G,AMZ03,1803.0,2900.0,False,0.0,1.0,1803.0,1.0,,,
105,AIFENG Bluetooth Headphone with screen,AMZ04,0.0,0.0,False,0.0,1.0,0.0,0.0,,,
106,Portable Monitor 15.6Inches 2.8K,AMZ05,8641.22,13000.0,False,0.0,1.0,8641.22,2.0,,,
107,"Newsoul Mobile Monitor, 15.6 Inches",AMZ06,4440.83,7000.0,False,0.0,1.0,4440.83,2.0,,,
108,Shortcut Keyboard classic with 9 buttons,AMZ07,0.0,0.0,False,0.0,1.0,0.0,0.0,,,
109,Shortcut Keyboard digital with 18 buttons included wheel,AMZ08,3931.5,5000.0,False,0.0,1.0,3931.5,2.0,,,
110,Portable SSD 512GB,AMZ09,4496.5,5500.0,False,0.0,1.0,4496.5,2.0,,,
111,USB 4 in 1 - 128GB - AMZ,AMZ10,1204.38,2200.0,False,0.0,1.0,1204.38,2.0,,,
112,Bluetooth 5.4 wireless earphone,AMZ11,1372.52,1850.0,False,0.0,1.0,1372.52,3.0,,,
113,عمولة فورى,1101,0.0,0.0,False,0.0,1.0,0.0,0.0,,,
114,فايل شفاف,ITEM519462,0.8,2.0,False,10.0,,0.8,0.0,,,
115,فايل شفاف,ITEM171581,0.8,2.0,False,10.0,,0.8,0.0,,,
4,كتابة وطباعة,1000-1,0.27,20.0,True,0.0,2.0,0.27,0.0,,,
5,تصوير,1001,0.27,1.0,True,0.0,2.0,0.27,0.0,,,
6,تصوير وش وضهر,1001-1,0.27,2.0,True,0.0,2.0,0.27,0.0,,,
7,تصوير بطاقة,1001-2,0.135,2.0,True,0.0,2.0,0.135,0.0,,,
8,تقديم استمارات,1001-9,0.54,50.0,True,0.0,2.0,0.54,0.0,,,
9,طباعة,1002,0.27,5.0,True,0.0,2.0,0.27,0.0,,,
10,طباعة وش وضهر,1002-1,0.27,5.0,True,0.0,2.0,0.27,0.0,,,
11,طباعة بطاقة,1002-2,0.135,5.0,True,0.0,2.0,0.135,0.0,,,
12,طباعة A5,1002-3,0.135,5.0,True,0.0,2.0,0.135,0.0,,,
13,طباعة الوان,1002-4,0.27,5.0,True,0.0,2.0,0.27,0.0,,,
14,طباعة الوان وش وضهر,1002-5,0.27,5.0,True,0.0,2.0,0.27,0.0,,,
15,طباعة A3,1002-6,0.54,5.0,True,0.0,2.0,0.54,0.0,,,
16,طباعة A3 وش وضهر,1002-7,0.54,5.0,True,0.0,2.0,0.54,0.0,,,
17,طباعة A3 الوان,1002-8,0.54,5.0,True,0.0,2.0,0.54,0.0,,,
18,طباعة A3 الوان وش وضهر,1002-9,0.54,5.0,True,0.0,2.0,0.54,0.0,,,
19,طباعة كوشيه خفيف,1003,1.5,10.0,True,0.0,2.0,1.5,0.0,,,
22,طباعة استيكر,1003-2,1.53,10.0,True,0.0,2.0,1.53,0.0,,,
24,طباعة 4 صور,1003-3,0.7025,40.0,True,0.0,2.0,0.7025,0.0,,,
25,طباعة 8 صور,1003-4,1.405,60.0,True,0.0,2.0,1.405,0.0,,,
26,طباعة صوره,1003-5,2.81,10.0,True,0.0,2.0,2.81,0.0,,,
28,إقرار ضريبي,1004-1-1,1.88,150.0,True,0.0,2.0,1.88,0.0,,,
29,إقرار قيمة مضافة,1004-1-2,0.54,20.0,True,0.0,2.0,0.54,0.0,,,
30,إقرار مرتبات,1004-1-3,0.81,30.0,True,0.0,2.0,0.81,0.0,,,
31,فاتورة الكترونية,1004-1-4,1.07,50.0,True,0.0,2.0,1.07,0.0,,,
32,طلب للضرائب,1004-1-5,1.34,50.0,True,0.0,2.0,1.34,0.0,,,
33,مخالصة قوى عاملة,1004-2-1,1.61,200.0,True,0.0,2.0,1.61,0.0,,,
34,مستخرج سجل تجاري,1004-2-2,0.27,25.0,True,0.0,2.0,0.27,0.0,,,
35,تكافل وكرامة,1004-2-3,1.34,50.0,True,0.0,2.0,1.34,0.0,,,
36,حجز كشف طبي,1004-2-4,1.07,50.0,True,0.0,2.0,1.07,0.0,,,
37,كعب العمل,1004-2-5,1.07,50.0,True,0.0,2.0,1.07,0.0,,,
38,تكعيب صغير,1004-3-10,4.54,7.0,True,0.0,2.0,4.54,0.0,,,
39,تكعيب صغير 2,1004-4-14,4.79,10.0,True,0.0,2.0,4.79,0.0,,,
40,تكعيب وسط,1004-5-18,5.87,15.0,True,0.0,2.0,5.87,0.0,,,
41,تكعيب كبير,1004-6,7.14,25.0,True,0.0,2.0,7.14,0.0,,,
42,تقديم ابتدائي وحضانة,1004-7,1.07,50.0,True,0.0,2.0,1.07,0.0,,,
43,تقديم اعدادي وثانوي,1004-8,1.34,50.0,True,0.0,2.0,1.34,0.0,,,
44,استمارة اعدادي,1005-1,1.88,50.0,True,0.0,2.0,1.88,0.0,,,
45,استمارة ثانوي - فني,1005-2,1.88,50.0,True,0.0,2.0,1.88,0.0,,,
46,تصريح سفر,1005-3,1.61,50.0,True,0.0,2.0,1.61,0.0,,,
47,تقديم عداد الكهرباء,1005-5,1.34,100.0,True,0.0,2.0,1.34,0.0,,,
48,هجرة أمريكا,1005-6,1.61,200.0,True,0.0,2.0,1.61,0.0,,,
49,تقديم اسكان,1005-7,1.88,200.0,True,0.0,2.0,1.88,0.0,,,
50,تقديم كليات,1005-8,1.88,100.0,True,0.0,2.0,1.88,0.0,,,
56,CV,1006-4,1.07,100.0,True,0.0,2.0,1.07,0.0,,,
57,كشف كارت الخدمات المتكاملة,1006-5,1.07,50.0,True,0.0,2.0,1.07,0.0,,,
58,خدمات تموين,1007,1.61,100.0,True,0.0,2.0,1.61,0.0,,,
59,تسجيل الطلبة واخري,1007-1,1.34,0.0,True,0.0,2.0,1.34,0.0,,,
61,تقديم مدارس - حضانه وابتدائي,1007-3,1.34,50.0,True,0.0,2.0,1.34,0.0,,,
62,بيان حالة معلم,1007-5,0.27,15.0,True,0.0,2.0,0.27,0.0,,,
