id,entry_id,account_id,debit,credit
1,1,21,200.0,0.0
2,1,13,0.0,200.0
3,2,21,260.0,0.0
4,2,13,0.0,260.0
5,3,21,260.0,0.0
6,3,13,0.0,260.0
149,75,21,1274.2,0.0
150,75,13,0.0,1274.2
151,76,14,3.76,0.0
152,76,9,0.0,3.76
153,77,21,1274.2,0.0
154,77,13,0.0,1274.2
155,78,14,6.75,0.0
156,78,9,0.0,6.75
157,79,21,1274.2,0.0
158,79,13,0.0,1274.2
159,80,14,1.88,0.0
160,80,9,0.0,1.88
161,81,21,1274.2,0.0
162,81,13,0.0,1274.2
163,82,14,3.24,0.0
164,82,9,0.0,3.24
165,83,21,1274.2,0.0
166,83,13,0.0,1274.2
167,84,14,0.54,0.0
168,84,9,0.0,0.54
169,85,21,1274.2,0.0
170,85,13,0.0,1274.2
171,86,14,0.54,0.0
172,86,9,0.0,0.54
173,87,21,1274.2,0.0
174,87,13,0.0,1274.2
175,88,14,0.54,0.0
176,88,9,0.0,0.54
177,89,21,1274.2,0.0
178,89,13,0.0,1274.2
179,90,14,0.27,0.0
180,90,9,0.0,0.27
181,91,21,1274.2,0.0
182,91,13,0.0,1274.2
317,159,21,490.0,0.0
318,159,13,0.0,490.0
319,160,14,8.100000000000001,0.0
320,160,9,0.0,8.100000000000001
321,161,21,490.0,0.0
322,161,13,0.0,490.0
323,162,14,2.68,0.0
324,162,9,0.0,2.68
325,163,21,490.0,0.0
326,163,13,0.0,490.0
327,164,14,1.35,0.0
328,164,9,0.0,1.35
329,165,21,490.0,0.0
330,165,13,0.0,490.0
183,92,14,5.4,0.0
184,92,9,0.0,5.4
185,93,21,1274.2,0.0
186,93,13,0.0,1274.2
187,94,14,0.54,0.0
188,94,9,0.0,0.54
189,95,21,1274.2,0.0
190,95,13,0.0,1274.2
191,96,14,2.14,0.0
192,96,9,0.0,2.14
331,166,14,15.39,0.0
332,166,9,0.0,15.39
333,167,21,490.0,0.0
334,167,13,0.0,490.0
335,168,14,6.48,0.0
336,168,9,0.0,6.48
337,169,21,490.0,0.0
338,169,13,0.0,490.0
339,170,14,0.27,0.0
340,170,9,0.0,0.27
341,171,21,490.0,0.0
342,171,13,0.0,490.0
343,172,14,1.08,0.0
344,172,9,0.0,1.08
345,173,21,490.0,0.0
346,173,13,0.0,490.0
347,174,14,0.81,0.0
348,174,9,0.0,0.81
349,175,21,490.0,0.0
350,175,13,0.0,490.0
351,176,14,0.54,0.0
352,176,9,0.0,0.54
353,177,18,490.0,0.0
354,177,21,0.0,490.0
209,105,18,270.0,0.0
210,105,21,0.0,270.0
211,106,18,1274.2,0.0
212,106,21,0.0,1274.2
357,179,23,165.0,0.0
358,179,18,0.0,165.0
361,181,24,400.0,0.0
362,181,18,0.0,400.0
365,183,24,600.0,0.0
366,183,18,0.0,600.0
