id,date,description,reference_type,reference_id,created_by,period_id
1,2026-10-03 22:45:20.665346,فاتورة sale رقم INV-000001,invoice,1.0,1,
2,2026-10-03 22:58:50.864359,فاتورة sale رقم INV-000002,invoice,2.0,1,
3,2026-10-03 22:58:50.864359,فاتورة sale رقم INV-000002,invoice,2.0,1,
75,2026-10-05 11:00:08.239970,فاتورة sale رقم INV-000003,invoice,11.0,1,
76,2026-10-05 11:00:08.239970,تكلفة البضاعة المباعة - فاتورة INV-000003,cogs,11.0,1,
77,2026-10-05 11:00:08.239970,فاتورة sale رقم INV-000003,invoice,11.0,1,
78,2026-10-05 11:00:08.239970,تكلفة البضاعة المباعة - فاتورة INV-000003,cogs,11.0,1,
79,2026-10-05 11:00:08.239970,فاتورة sale رقم INV-000003,invoice,11.0,1,
80,2026-10-05 11:00:08.239970,تكلفة البضاعة المباعة - فاتورة INV-000003,cogs,11.0,1,
81,2026-10-05 11:00:08.239970,فاتورة sale رقم INV-000003,invoice,11.0,1,
82,2026-10-05 11:00:08.239970,تكلفة البضاعة المباعة - فاتورة INV-000003,cogs,11.0,1,
83,2026-10-05 11:00:08.239970,فاتورة sale رقم INV-000003,invoice,11.0,1,
84,2026-10-05 11:00:08.239970,تكلفة البضاعة المباعة - فاتورة INV-000003,cogs,11.0,1,
85,2026-10-05 11:00:08.239970,فاتورة sale رقم INV-000003,invoice,11.0,1,
86,2026-10-05 11:00:08.239970,تكلفة البضاعة المباعة - فاتورة INV-000003,cogs,11.0,1,
87,2026-10-05 11:00:08.239970,فاتورة sale رقم INV-000003,invoice,11.0,1,
88,2026-10-05 11:00:08.239970,تكلفة البضاعة المباعة - فاتورة INV-000003,cogs,11.0,1,
89,2026-10-05 11:00:08.239970,فاتورة sale رقم INV-000003,invoice,11.0,1,
90,2026-10-05 11:00:08.239970,تكلفة البضاعة المباعة - فاتورة INV-000003,cogs,11.0,1,
91,2026-10-05 11:00:08.239970,فاتورة sale رقم INV-000003,invoice,11.0,1,
92,2026-10-05 11:00:08.239970,تكلفة البضاعة المباعة - فاتورة INV-000003,cogs,11.0,1,
93,2026-10-05 11:00:08.239970,فاتورة sale رقم INV-000003,invoice,11.0,1,
94,2026-10-05 11:00:08.239970,تكلفة البضاعة المباعة - فاتورة INV-000003,cogs,11.0,1,
95,2026-10-05 11:00:08.239970,فاتورة sale رقم INV-000003,invoice,11.0,1,
96,2026-10-05 11:00:08.239970,تكلفة البضاعة المباعة - فاتورة INV-000003,cogs,11.0,1,
159,2026-10-05 23:22:53.997323,فاتورة sale رقم INV-000004,invoice,17.0,1,
160,2026-10-05 23:22:53.997323,تكلفة البضاعة المباعة - فاتورة INV-000004,cogs,17.0,1,
161,2026-10-05 23:22:53.997323,فاتورة sale رقم INV-000004,invoice,17.0,1,
162,2026-10-05 23:22:53.997323,تكلفة البضاعة المباعة - فاتورة INV-000004,cogs,17.0,1,
163,2026-10-05 23:22:53.997323,فاتورة sale رقم INV-000004,invoice,17.0,1,
164,2026-10-05 23:22:53.997323,تكلفة البضاعة المباعة - فاتورة INV-000004,cogs,17.0,1,
165,2026-10-05 23:22:53.997323,فاتورة sale رقم INV-000004,invoice,17.0,1,
166,2026-10-05 23:22:53.997323,تكلفة البضاعة المباعة - فاتورة INV-000004,cogs,17.0,1,
105,2026-10-05 15:15:05.917366,دفعة receipt لـ فردى - INV-000004,payment,,1,
106,2026-10-05 15:20:50.517870,دفعة receipt لـ فردى - INV-000003,payment,,1,
167,2026-10-05 23:22:53.997323,فاتورة sale رقم INV-000004,invoice,17.0,1,
168,2026-10-05 23:22:53.997323,تكلفة البضاعة المباعة - فاتورة INV-000004,cogs,17.0,1,
169,2026-10-05 23:22:53.997323,فاتورة sale رقم INV-000004,invoice,17.0,1,
170,2026-10-05 23:22:53.997323,تكلفة البضاعة المباعة - فاتورة INV-000004,cogs,17.0,1,
171,2026-10-05 23:22:53.997323,فاتورة sale رقم INV-000004,invoice,17.0,1,
172,2026-10-05 23:22:53.997323,تكلفة البضاعة المباعة - فاتورة INV-000004,cogs,17.0,1,
173,2026-10-05 23:22:53.997323,فاتورة sale رقم INV-000004,invoice,17.0,1,
174,2026-10-05 23:22:53.997323,تكلفة البضاعة المباعة - فاتورة INV-000004,cogs,17.0,1,
175,2026-10-05 23:22:53.997323,فاتورة sale رقم INV-000004,invoice,17.0,1,
176,2026-10-05 23:22:53.997323,تكلفة البضاعة المباعة - فاتورة INV-000004,cogs,17.0,1,
177,2026-10-05 23:23:04.951263,دفعة receipt لـ فردى - INV-000004,payment,,1,
179,2026-10-05 22:07:00.000000,مصروف: البيت (مصاريف البيت),expense,,1,
181,2026-10-05 22:11:00.000000,مصروف: بامبرز (مصاريف اطفال),expense,,1,
183,2026-10-05 22:11:00.000000,مصروف: البيت (مصاريف اطفال),expense,,1,
